{
    "script_name": "analyze_srm_sweep.py",
    "run_type": "srm_analysis",
    "analyzed_run_directory": "experiments\\intervened_runs\\capture_intervened_len50_L11N373_epistemic_certainty_prompt_grid_template_20250416_092546",
    "grouping_key": null,
    "groups_analyzed": [
        "all"
    ],
    "neuron_a": 373,
    "neuron_b": 2202,
    "dimension": 3072,
    "input_vector_file": "experiments\\intervened_runs\\capture_intervened_len50_L11N373_epistemic_certainty_prompt_grid_template_20250416_092546\\vectors\\captured_vectors_intervened.npz",
    "num_vectors_analyzed_total_in_groups": 72,
    "tested_thresholds": [
        0.1,
        0.3,
        0.5,
        0.7
    ],
    "plotted_thresholds": [
        0.7,
        0.5,
        0.3,
        0.1,
        null
    ],
    "plot_all_thresholds_flag": true,
    "num_angles": 72,
    "analysis_timestamp": "2025-04-16T11:05:03.849465",
    "output_plot_files": [
        "experiments\\intervened_runs\\capture_intervened_len50_L11N373_epistemic_certainty_prompt_grid_template_20250416_092546\\plots\\srm_plot_all_vectors_N373_N2202_thresh0.7.png",
        "experiments\\intervened_runs\\capture_intervened_len50_L11N373_epistemic_certainty_prompt_grid_template_20250416_092546\\plots\\srm_plot_all_vectors_N373_N2202_thresh0.5.png",
        "experiments\\intervened_runs\\capture_intervened_len50_L11N373_epistemic_certainty_prompt_grid_template_20250416_092546\\plots\\srm_plot_all_vectors_N373_N2202_thresh0.3.png",
        "experiments\\intervened_runs\\capture_intervened_len50_L11N373_epistemic_certainty_prompt_grid_template_20250416_092546\\plots\\srm_plot_all_vectors_N373_N2202_thresh0.1.png",
        "experiments\\intervened_runs\\capture_intervened_len50_L11N373_epistemic_certainty_prompt_grid_template_20250416_092546\\plots\\srm_plot_all_vectors_N373_N2202_mean_sim_only.png"
    ],
    "output_data_file": "experiments\\intervened_runs\\capture_intervened_len50_L11N373_epistemic_certainty_prompt_grid_template_20250416_092546\\data\\srm_data_all_vectors_N373_N2202.csv",
    "output_metadata_file": "experiments\\intervened_runs\\capture_intervened_len50_L11N373_epistemic_certainty_prompt_grid_template_20250416_092546\\metadata\\meta_srm_all_vectors_N373_N2202.json"
}