{
    "script_name": "capture_intervened_activations.py",
    "run_type": "intervention_capture",
    "model_name": "gpt2",
    "target_layer": 11,
    "target_neuron": 373,
    "intervention_hook": "blocks.11.mlp.hook_post",
    "capture_hook": "blocks.11.mlp.hook_post",
    "activation_dimension": 3072,
    "sweep_values": [
        null,
        1,
        3,
        6,
        10,
        20,
        -1,
        -3,
        -6,
        -10,
        -20
    ],
    "prompt_file_path": "promptsets\\epistemic_certainty_prompt_grid_template.txt",
    "prompt_file_basename": "epistemic_certainty_prompt_grid_template",
    "num_prompts_parsed": 140,
    "generate_length": 50,
    "top_k": "greedy_or_default",
    "run_timestamp": "20250416_092546",
    "run_directory": "experiments\\intervened_runs\\capture_intervened_len50_L11N373_epistemic_certainty_prompt_grid_template_20250416_092546",
    "output_vector_file": "experiments\\intervened_runs\\capture_intervened_len50_L11N373_epistemic_certainty_prompt_grid_template_20250416_092546\\vectors\\captured_vectors_intervened.npz",
    "output_log_file": "experiments\\intervened_runs\\capture_intervened_len50_L11N373_epistemic_certainty_prompt_grid_template_20250416_092546\\logs\\run_log_intervened.md",
    "output_metadata_file": "experiments\\intervened_runs\\capture_intervened_len50_L11N373_epistemic_certainty_prompt_grid_template_20250416_092546\\metadata\\run_metadata_intervened.json",
    "device": "cpu",
    "final_vector_count": 1540,
    "prompts_fully_processed": 140
}