{
    "script_name": "analyze_srm_sweep.py",
    "run_type": "srm_analysis",
    "analyzed_run_directory": "experiments\\capture_baseline_len50_epistemic_certainty_prompt_grid_template_20250416_083914",
    "grouping_key": "type",
    "groups_analyzed": [
        "observational",
        "declarative",
        "authoritative",
        "rhetorical"
    ],
    "neuron_a": 373,
    "neuron_b": 2202,
    "dimension": 3072,
    "input_vector_file": "experiments\\capture_baseline_len50_epistemic_certainty_prompt_grid_template_20250416_083914\\vectors\\captured_vectors.npz",
    "num_vectors_analyzed_total_in_groups": 288,
    "tested_thresholds": [
        0.1,
        0.3,
        0.5,
        0.7
    ],
    "plotted_thresholds": [
        0.7,
        0.5,
        0.3,
        0.1,
        null
    ],
    "plot_all_thresholds_flag": true,
    "num_angles": 72,
    "analysis_timestamp": "2025-04-16T09:04:55.219373",
    "output_plot_files": [
        "experiments\\capture_baseline_len50_epistemic_certainty_prompt_grid_template_20250416_083914\\plots\\srm_plot_grouped_by_type_N373_N2202_thresh0.7.png",
        "experiments\\capture_baseline_len50_epistemic_certainty_prompt_grid_template_20250416_083914\\plots\\srm_plot_grouped_by_type_N373_N2202_thresh0.5.png",
        "experiments\\capture_baseline_len50_epistemic_certainty_prompt_grid_template_20250416_083914\\plots\\srm_plot_grouped_by_type_N373_N2202_thresh0.3.png",
        "experiments\\capture_baseline_len50_epistemic_certainty_prompt_grid_template_20250416_083914\\plots\\srm_plot_grouped_by_type_N373_N2202_thresh0.1.png",
        "experiments\\capture_baseline_len50_epistemic_certainty_prompt_grid_template_20250416_083914\\plots\\srm_plot_grouped_by_type_N373_N2202_mean_sim_only.png"
    ],
    "output_data_file": "experiments\\capture_baseline_len50_epistemic_certainty_prompt_grid_template_20250416_083914\\data\\srm_data_grouped_by_type_N373_N2202.csv",
    "output_metadata_file": "experiments\\capture_baseline_len50_epistemic_certainty_prompt_grid_template_20250416_083914\\metadata\\meta_srm_grouped_by_type_N373_N2202.json"
}