{
    "script_name": "epistemic_compass.py",
    "run_type": "baseline_capture",
    "model_name": "gpt2",
    "target_layer": 11,
    "capture_hook": "blocks.11.mlp.hook_post",
    "activation_dimension": 3072,
    "prompt_file_path": "promptsets\\epistemic_certainty_prompt_grid_template.txt",
    "prompt_file_basename": "epistemic_certainty_prompt_grid_template",
    "num_prompts_parsed": 140,
    "generate_length": 50,
    "top_k": "greedy_or_default",
    "run_timestamp": "20250416_083914",
    "run_directory": "experiments\\capture_baseline_len50_epistemic_certainty_prompt_grid_template_20250416_083914",
    "output_vector_file": "experiments\\capture_baseline_len50_epistemic_certainty_prompt_grid_template_20250416_083914\\vectors\\captured_vectors.npz",
    "output_log_file": "experiments\\capture_baseline_len50_epistemic_certainty_prompt_grid_template_20250416_083914\\logs\\run_log.md",
    "output_metadata_file": "experiments\\capture_baseline_len50_epistemic_certainty_prompt_grid_template_20250416_083914\\metadata\\run_metadata.json",
    "device": "cpu",
    "final_vector_count": 140
}